Symbol,Date,Open,High,Low,Close,Volume,EMA20,EMA50,EMA200,RSI14,MACD,MACDSignal,MACDHist,ATR14,BB_Upper,BB_Lower,BB_BandWidth,DonchianH20,DonchianL20,RVOL20,RS_vs_Index,RS_ROC20,TrendContinuation_Flag,Breakout_Flag,VCP_Flag,SEPA_Flag,MeanReversion_Flag,Pivot,Pivot_R1,Pivot_S1,HL2,ATR_Super,Upper_Band,Lower_Band,Supertrend,BB_MA20,KC_Upper,KC_Lower,Squeeze,AVWAP60,IndexUpRegime,Trend_OK,Minervini_Trend,BB_bw_p20_60,BB_slope20,HL_5,Volume_Dry_Up,Pivot_Break,Donchian_Mid,Pullback_to_Mid,Donchian_Breakout,MR_Flag,BB_Inside_KC,BBKC_Squeeze_Flag,SqueezeBreakout_Flag,AVWAP_Reclaim_Flag,RS_p80_60,RS_Leader_Flag,TS_Momentum,TS_Momentum_Flag,RSI14_Status,GoldenBull_Flag,GoldenBear_Flag,GoldenBull_Date,GoldenBear_Date,CompositeScore
ITC,2025-12-17,401.0,403.1,399.1,399.8,8087490,403.0030416704392,405.4259354961965,416.8676780263429,39.77272727272722,-1.5704180533330714,-1.5424371853294534,-0.0279808680036179,4.157142857142852,406.8369544168799,398.7130455831201,0.0201698437930851,408.8,398.2,0.9319316135003392,,,0,0,0,0,0,400.6666666666667,402.23333333333335,398.23333333333335,401.1,4.157142857142852,413.57142857142856,388.6285714285715,412.0892857142857,402.775,,,,,1,0,0,0.026898574544039225,-0.00200063531974895,False,False,False,403.5,True,0,0,False,0,0,0,0.0,0,-0.13200173686495875,0,Neutral (30–70),0,0,2024-07-22,2025-01-14,27.25
ULTRACEMCO,2025-12-17,11505.0,11591.0,11495.0,11540.0,205337,11622.478717361197,11808.748006635951,11836.335438124352,46.464646464646464,-82.52079079933901,-101.15569727623998,18.63490647690097,179.5,11829.6288215553,11371.1711784447,0.0395208478251267,12021.0,11266.0,0.919856334744078,,,0,0,0,0,0,11542.0,11589.0,11493.0,11543.0,179.5,12081.5,11004.5,11897.92857142857,11600.4,,,,,1,0,0,0.040666492305404735,-0.0006259987867059249,True,False,False,11643.5,True,0,0,False,0,0,0,0.0,0,-0.026731157675456196,0,Neutral (30–70),0,0,2025-04-01,2025-12-11,26.9
HINDUNILVR,2025-12-17,2281.2,2286.2,2268.3,2275.6,808100,2357.4621958722178,2421.9197936995843,2452.724051744781,23.677130044843096,-49.53463581623237,-38.97677435843044,-10.557861457801929,48.40714285714288,2535.379452187245,2221.980547812754,0.1317532851726551,2488.0,2244.7,0.3964060914288256,,,0,0,0,0,0,2276.7000000000003,2285.1000000000004,2267.2000000000007,2277.25,48.40714285714288,2422.4714285714285,2132.0285714285715,2417.785714285714,2378.68,,,,,1,0,0,0.04529035028784166,0.0019620303508291045,True,True,False,2366.35,True,0,0,False,0,0,0,0.0,0,-0.0295741913473635,0,Oversold (≤30),0,0,2025-08-01,2025-12-09,11.59
HINDALCO,2025-12-17,844.05,851.9,840.1,848.8,3270389,821.887954891074,801.6684225825035,729.9048712828153,68.62302483069978,11.915351741862196,8.409309525628608,3.506042216233588,15.892857142857142,857.1344400947951,771.9255599052049,0.1046111011130225,856.25,771.85,0.759523997668051,,,0,0,0,0,0,846.9333333333334,853.7666666666668,841.9666666666668,846.0,15.892857142857142,893.6785714285714,798.3214285714286,805.7464285714285,814.53,,,,,1,1,0,0.06396413028287488,-0.0013672491744397303,True,True,True,814.05,False,0,0,False,0,0,0,0.0,0,0.269328547928817,1,Neutral (30–70),0,0,2025-05-26,2025-04-11,36.68
HEROMOTOCO,2025-12-17,5970.0,5971.0,5782.0,5817.0,538205,5982.1228577699285,5779.414677883787,5077.710345175399,32.76573787409701,50.44930946194745,109.77866117374492,-59.32935171179746,127.5,6391.713195860443,5785.436804139556,0.0995760735017449,6388.5,5782.0,0.7266864687564851,,,0,0,0,0,1,5856.666666666667,5931.333333333334,5742.333333333334,5876.5,127.5,6259.0,5494.0,6014.071428571428,6088.575,,,,,1,0,0,0.062300758495925666,-0.0007773933588497512,False,True,True,6085.25,True,0,0,False,0,0,0,0.0,0,0.2765677291929556,1,Neutral (30–70),0,0,2025-08-08,2024-12-06,21.25
HDFCLIFE,2025-12-17,764.35,764.35,749.0,753.5,1809434,765.3417574970024,762.8397561535892,741.9515830080448,36.663007683863896,1.4216235283118976,2.515732420359812,-1.094108892047914,14.957142857142848,783.6241192795793,749.5858807204205,0.0444012738752797,788.5,745.2,0.7850539198126354,,,0,0,0,0,0,755.6166666666667,762.2333333333333,746.8833333333333,756.675,14.957142857142848,801.5464285714285,711.8035714285714,766.3071428571427,766.6049999999999,,,,,1,0,0,0.04675144627602104,-0.0019997922129849355,False,True,True,766.85,True,0,0,False,0,0,0,0.0,0,0.20261750857872496,1,Neutral (30–70),0,0,2025-04-08,2024-12-27,22.95
HDFCBANK,2025-12-17,996.0,996.0,980.8,984.0,19080922,996.0693848764138,992.2568058547116,960.6014694136676,34.54545454545455,0.0186995219046366,1.7691754169878595,-1.7504758950832229,12.467857142857149,1012.3832307107976,985.2117692892024,0.0272041744413607,1017.5,980.8,1.0638354622674178,,,0,0,0,0,1,986.9333333333334,993.0666666666668,977.8666666666668,988.4,12.467857142857149,1025.803571428571,950.9964285714284,972.6285714285716,998.7975,,,,,1,0,0,0.03159046123479458,-0.00032534190877644574,False,False,True,999.15,True,0,0,False,0,0,0,0.0,0,0.058519793459552494,1,Neutral (30–70),0,0,2024-06-27,2024-01-18,31.1
HCLTECH,2025-12-17,1651.0,1664.5,1646.3,1655.0,1394918,1643.86093688223,1594.4440885179256,1582.5601935735472,57.34463276836159,25.925546369658832,30.11760209718637,-4.192055727527546,25.871428571428574,1699.75815376851,1594.34184623149,0.064003101021232,1695.4,1592.6,0.577358357805247,,,1,0,0,0,0,1655.2666666666669,1664.2333333333331,1646.0333333333333,1655.4,25.871428571428574,1733.0142857142855,1577.7857142857144,1598.7857142857142,1647.05,,,,,1,1,0,0.07135799176090202,-0.002169708749830631,True,True,True,1644.0,False,0,0,False,0,0,0,0.0,0,-0.14523293048238817,0,Neutral (30–70),0,0,2025-12-10,2025-07-15,31.36
GRASIM,2025-12-17,2785.2,2814.9,2780.0,2806.6,420053,2774.576866935997,2781.507450780773,2726.7267041094337,67.18266253869969,6.221018451730288,-5.783037026941632,12.00405547867192,39.65714285714288,2832.357098272436,2672.1129017275634,0.0582232972638137,2849.9,2679.4,0.8630785620870716,,,0,0,0,0,0,2800.5,2821.0,2786.1,2797.45,39.65714285714288,2916.4214285714284,2678.478571428572,2810.807142857143,2752.235,,,,,1,0,0,0.04851726730052578,-0.0027642372248847706,True,False,True,2764.65,False,0,0,False,0,0,0,0.0,0,0.05509294938065068,1,Neutral (30–70),0,0,2025-04-15,2025-01-16,25.24
EICHERMOT,2025-12-17,7104.0,7176.5,7080.5,7134.5,594264,7110.008978943878,6971.527759532366,6195.156695378493,58.65814696485623,49.87456153207131,60.8928423465869,-11.018280814515592,122.96428571428572,7288.667636538626,7002.482363461373,0.0400506989398688,7328.5,6886.5,1.1021751147612222,,,1,0,0,0,0,7130.5,7180.5,7084.5,7128.5,122.96428571428572,7497.392857142857,6759.607142857143,6874.535714285714,7145.575,,,,,1,1,0,0.03433064954389086,-0.0003992319662990358,True,False,True,7107.5,False,0,0,False,0,0,0,0.0,0,0.48398905910372014,1,Neutral (30–70),0,0,2024-04-18,2024-01-02,46.7
DIVISLAB,2025-12-17,6312.0,6374.5,6280.5,6293.0,194825,6403.161897193895,6408.921780238194,6208.06363839496,33.01805674978503,-38.80040685329186,-27.08971362827786,-11.710693225014,119.17857142857144,6544.131087295816,6262.968912704185,0.0439072349855362,6568.0,6265.0,1.039711842522013,,,0,0,0,0,0,6316.0,6351.5,6257.5,6327.5,119.17857142857144,6685.035714285715,5969.964285714285,6468.357142857143,6403.55,,,,,1,0,0,0.04797168915422084,-0.001653375699264506,True,False,True,6416.5,True,0,0,False,0,0,0,0.0,0,0.05734496026345415,1,Neutral (30–70),0,0,2024-05-02,2024-02-16,30.4
ICICIBANK,2025-12-17,1365.0,1365.0,1343.1,1352.4,9440391,1371.3600393068466,1376.8384313955678,1369.8516861334804,30.97514340344165,-3.1124959155188208,-0.1467696729175564,-2.9657262426012645,16.0,1401.2892568077548,1349.3607431922453,0.0377572672753781,1400.0,1343.1,1.0025552630919956,,,0,0,0,0,0,1353.5,1363.9,1342.0,1354.05,16.0,1402.05,1306.05,1393.6142857142856,1375.325,,,,,1,0,0,0.038200067095549864,-0.0007165590613720507,False,False,False,1371.55,True,0,0,False,0,0,0,0.0,0,0.017415835997743212,1,Neutral (30–70),0,0,2024-02-20,,29.31
COALINDIA,2025-12-17,380.85,385.5,380.8,384.75,3651138,381.1924157139164,382.4558629489501,390.8859017305177,60.63492063492068,0.3359254894824062,-0.6238204812705606,0.9597459707529667,5.053571428571416,386.71450933583736,371.4704906641626,0.0402118709066383,385.75,369.6,0.959258802354559,,,0,0,0,0,0,383.6833333333333,386.56666666666666,381.8666666666667,383.15,5.053571428571416,398.3107142857142,367.98928571428576,385.8464285714285,379.0925,,,,,1,0,0,0.0448414758688188,-0.0012277583664880999,True,False,False,377.675,False,0,0,False,0,0,0,0.0,0,-0.05952089953556594,0,Neutral (30–70),0,0,2024-01-01,2024-11-19,28.05
BRITANNIA,2025-12-17,6060.0,6116.0,6051.0,6096.0,298257,5923.39927469267,5904.529591215794,5695.077142787997,67.39832149774048,31.71213275449645,2.573108060852656,29.1390246936438,106.07142857142856,6059.920167284296,5714.179832715704,0.0587289618006628,6145.0,5763.5,1.061614366998147,,,0,0,0,0,0,6087.666666666667,6124.333333333334,6059.333333333334,6083.5,106.07142857142856,6401.714285714285,5765.285714285715,5823.892857142857,5887.05,,,,,1,1,0,0.05789815280821652,-0.0008524140369616396,True,False,True,5954.25,False,0,0,False,0,0,0,0.0,0,0.26254310478734966,1,Neutral (30–70),0,0,2025-05-12,2024-12-03,45.52
BHARTIARTL,2025-12-17,2117.6,2128.0,2096.4,2108.0,6412516,2092.136740402276,2061.465777056447,1909.2797288551512,48.31709477413644,3.3566495470745394,7.553453477530913,-4.196803930456373,30.685714285714344,2170.0926821837525,2042.9273178162468,0.0603677952478296,2174.5,2038.0,0.8954679290724421,,,1,0,0,0,0,2110.8,2125.2,2093.5999999999995,2112.2,30.685714285714344,2204.2571428571428,2020.1428571428569,2046.035714285714,2106.51,,,,,1,1,0,0.05562709012350544,-0.0011439165145970352,True,False,True,2106.25,False,0,0,False,0,0,0,0.0,0,0.30886964080593593,1,Neutral (30–70),0,0,2023-12-27,2023-12-19,40.66
BAJAJFINSV,2025-12-17,2035.2,2044.0,2011.6,2021.2,398342,2062.6018539496554,2061.540034985299,1986.318430405109,32.78757346767425,-6.048640392358266,-2.161257226217426,-3.88738316614084,36.60714285714288,2113.793042688376,2016.3069573116245,0.04720761501017,2118.0,2011.6,0.4568112603398842,,,0,0,0,0,1,2025.6,2039.6000000000004,2007.2000000000005,2027.8,36.60714285714288,2137.6214285714286,1917.9785714285715,2063.242857142857,2065.05,,,,,1,0,0,0.05805611701733674,-0.00252168751212346,False,True,True,2064.8,True,0,0,False,0,0,0,0.0,0,0.20359673673554468,1,Neutral (30–70),0,0,2025-01-28,2024-12-18,13.36
BAJAJ-AUTO,2025-12-17,9008.0,9009.0,8859.0,8895.0,256364,8993.801735024585,8952.01131892645,8774.67517215536,42.15384615384615,4.1033828172548965,20.607770938313124,-16.504388121058227,138.32142857142858,9162.322370280108,8882.927629719892,0.0309660149413519,9254.5,8857.5,0.722206430737185,,,0,0,0,0,0,8921.0,8983.0,8833.0,8934.0,138.32142857142858,9348.964285714286,8519.035714285714,8720.92857142857,9022.625,,,,,1,0,0,0.049980753951776015,-0.00120708104872039,False,True,True,9056.0,True,0,0,False,0,0,0,0.0,0,-0.00761442557108194,0,Neutral (30–70),0,0,2025-09-09,2024-12-31,21.12
AXISBANK,2025-12-17,1220.6,1236.0,1220.3,1224.7,5147181,1261.6157979636794,1236.5564462099862,1171.3396289565528,30.2149178255373,3.1401111557340755,11.102368310057418,-7.962257154323343,20.785714285714302,1309.2410650673182,1234.4189349326816,0.0588302918901398,1304.0,1216.9,1.082206493296569,,,0,0,0,0,1,1227.0,1233.7,1218.0,1228.15,20.785714285714302,1290.507142857143,1165.7928571428572,1232.4785714285713,1271.83,,,,,1,0,0,0.06255127480199858,0.00047852631837389523,True,False,True,1260.45,True,0,0,False,0,0,0,0.0,0,0.06900013093003965,1,Neutral (30–70),0,0,2025-10-08,2025-08-08,31.64
ASIANPAINT,2025-12-17,2800.0,2806.5,2772.0,2785.7,636499,2818.893747406413,2724.414047330152,2559.280562229149,37.24740578918623,19.509473753638304,47.9802095319228,-28.4707357782845,52.27142857142859,2995.8981401034725,2729.0918598965272,0.0932075969414602,2985.7,2746.0,0.5082873731156204,,,0,0,0,0,0,2788.066666666667,2804.133333333334,2769.633333333334,2789.25,52.27142857142859,2946.0642857142857,2632.4357142857143,2823.0642857142857,2862.495,,,,,1,0,0,0.09592086582137221,-0.007763090944937326,True,True,True,2865.85,True,0,0,False,0,0,0,0.0,0,0.16578435270239145,1,Neutral (30–70),0,0,2025-11-07,2025-09-26,14.86
APOLLOHOSP,2025-12-17,7109.0,7109.0,6911.5,6921.5,358023,7190.929500679387,7384.331754774841,7292.707388926519,18.866459627329192,-142.63827841069633,-134.18174372497612,-8.456534685720214,105.60714285714286,7499.431986475414,6903.518013524586,0.0827488775495058,7491.0,6911.5,1.1283746240437402,,,0,0,0,0,0,6980.666666666667,7049.833333333334,6852.333333333334,7010.25,105.60714285714286,7327.071428571428,6693.428571428572,7298.25,7201.475,,,,,1,0,0,0.06312568931746798,-0.0010846968582687848,False,False,False,7201.25,True,0,0,False,0,0,0,0.0,0,-0.0422852873213323,0,Oversold (≤30),0,0,2025-04-22,2025-02-28,32.99
ADANIPORTS,2025-12-17,1494.1,1500.0,1479.3,1486.3,964352,1497.799900198092,1473.651809755292,1391.4572263566306,43.43317972350232,7.763626547071908,11.281536862229537,-3.5179103151576285,25.71428571428573,1530.5713276002698,1472.8986723997305,0.0384040161550069,1549.0,1460.9,0.5628066329747918,,,0,0,0,0,0,1488.5333333333335,1497.766666666667,1477.066666666667,1489.65,25.71428571428573,1566.7928571428572,1412.507142857143,1459.1357142857144,1501.735,,,,,1,0,0,0.05012632382213982,-0.00212313350032274,False,True,True,1504.95,True,0,0,False,0,0,0,0.0,0,0.19477491961414795,1,Neutral (30–70),0,0,2025-05-19,2024-11-25,16.46
ADANIENT,2025-12-17,2247.6,2255.0,2221.0,2232.5,651509,2288.159637665417,2359.6008155747027,2455.2139416429704,47.34481944772244,-45.5255411218418,-51.52582022122336,6.000279099381565,56.80714285714287,2421.6402289425228,2140.139771057478,0.1234169371977801,2478.9,2172.2,0.484846631138281,,,0,0,0,0,0,2236.1666666666665,2251.333333333333,2217.333333333333,2238.0,56.80714285714287,2408.421428571429,2067.578571428571,2377.3714285714286,2280.8900000000003,,,,,1,0,0,0.08470873032091536,0.000771114189741015,True,True,False,2325.55,True,0,0,False,0,0,0,0.0,0,-0.10846212211972361,0,Neutral (30–70),0,0,2024-10-10,2024-10-18,14.18
CIPLA,2025-12-17,1497.6,1505.3,1491.0,1496.9,1000116,1511.5086381222634,1523.4049998913729,1517.9551544873143,38.21815154038304,-7.785024659970077,-7.590060023658836,-0.1949646363112407,18.842857142857188,1536.5802207120894,1486.9797792879106,0.0328092985911831,1536.3,1484.8,0.8889777763555783,,,0,0,0,0,0,1497.7333333333336,1504.4666666666672,1490.1666666666672,1498.15,18.842857142857188,1554.6785714285716,1441.6214285714286,1553.4857142857145,1511.78,,,,,1,0,0,0.03342895436653302,-0.0044340034829267305,False,False,False,1510.55,True,0,0,False,0,0,0,0.0,0,0.0356302753563027,1,Neutral (30–70),0,0,2025-04-29,2025-01-20,25.99
UPL,2025-12-17,751.7,752.8,740.95,746.3,1655654,747.5625026070315,732.8960439211928,682.0435424030314,43.94904458598725,4.3803159576407324,6.175886498371065,-1.7955705407303322,16.049999999999986,765.8715222791335,734.4584777208667,0.0418748469446946,769.55,729.6,0.7171711337117764,,,0,0,0,0,0,746.6833333333334,752.4166666666667,740.5666666666668,746.875,16.049999999999986,795.025,698.725,719.4714285714285,750.1650000000001,,,,,1,0,0,0.055677589429682685,-0.00665038480795421,True,True,True,749.575,True,0,0,False,0,0,0,0.0,0,0.3632295186775045,1,Neutral (30–70),0,0,2025-02-04,2024-12-17,20.97
INDUSINDBK,2025-12-17,838.2,846.1,827.8,833.85,3107473,841.242693252519,821.0132219777513,854.6300158626298,40.100671140939575,6.822793898113559,10.885179835558914,-4.062385937445354,19.364285714285725,867.2364855403832,825.5135144596168,0.0492960816195734,874.4,827.5,0.9257563196935596,,,0,0,0,0,0,835.9166666666666,844.0333333333333,825.7333333333332,836.95,19.364285714285725,895.0428571428572,778.8571428571429,810.2464285714286,846.375,,,,,1,0,0,0.051461328550561264,-0.006214130449969116,True,False,False,850.95,True,0,0,False,0,0,0,0.0,0,-0.16443709604689616,0,Neutral (30–70),0,0,2023-12-27,2024-02-06,27.07
JSWSTEEL,2025-12-17,1088.3,1093.7,1075.6,1079.3,1781774,1126.848148094104,1136.2732072299314,1074.7551959581203,28.839146277980305,-17.521993390065063,-11.51685953488493,-6.005133855180134,27.142857142857128,1190.1383487619494,1072.0316512380507,0.1044189406842975,1185.0,1075.6,0.9112091742684336,,,0,0,0,0,0,1082.8666666666668,1090.1333333333337,1072.0333333333335,1084.65,27.142857142857128,1166.0785714285714,1003.2214285714288,1138.1571428571428,1131.085,,,,,1,0,0,0.06787896182718199,0.00170217090279801,False,False,True,1130.3,True,0,0,False,0,0,0,0.0,0,0.07307615828196456,1,Oversold (≤30),0,0,2024-04-26,2024-01-05,26.64
TITAN,2025-12-17,3930.0,3935.7,3890.0,3907.9,601010,3856.092366187864,3781.831020418456,3586.4339614722267,50.587634133878375,26.82651499181111,27.283639797334487,-0.4571248055233781,62.31428571428569,3952.759603105226,3781.9603968947736,0.0441642893887438,3956.0,3751.0,0.8660071481144413,,,1,0,0,0,0,3911.2,3932.400000000001,3886.7000000000007,3912.85,62.31428571428569,4099.7928571428565,3725.907142857143,3736.471428571428,3867.36,,,,,1,1,0,0.053880743738772226,-0.0010204866941114945,True,False,True,3853.5,False,0,0,False,0,0,0,0.0,0,0.13412174417761014,1,Neutral (30–70),0,0,2025-05-23,2024-10-25,39.8
TECHM,2025-12-17,1578.2,1586.2,1570.3,1579.4,582251,1540.384957225232,1505.3446505938375,1515.7162761993204,72.0812182741117,31.3365941032755,29.87478422577604,1.4618098774994692,23.87857142857144,1619.0694619551232,1458.8505380448769,0.1041085693651857,1595.7,1430.7,0.308663505749282,,,0,0,0,0,0,1578.6333333333332,1586.9666666666665,1571.0666666666664,1578.25,23.87857142857144,1649.8857142857144,1506.6142857142856,1506.6142857142856,1538.96,,,,,1,0,0,0.06324637574327245,0.00205822000563565,True,True,True,1513.2,False,0,0,False,0,0,0,0.0,0,-0.1174564148413052,0,Overbought (≥70),0,0,2025-06-13,2025-08-05,9.02
TCS,2025-12-17,3200.5,3236.9,3200.5,3217.8,1376350,3178.732406443652,3131.085123581848,3304.3344920414283,67.08754208754215,35.4303798768442,36.61949231625106,-1.1891124394068626,45.400000000000055,3262.086591446064,3098.793408553937,0.0513429534567941,3271.6,3115.0,0.4901255207060627,,,0,0,0,0,0,3218.4,3236.3,3199.9,3218.7,45.400000000000055,3354.9,3082.4999999999995,3111.678571428571,3180.44,,,,,1,0,0,0.05650925403198222,-0.00039468280201091014,True,True,False,3193.3,False,0,0,False,0,0,0,0.0,0,-0.27770233111482723,0,Neutral (30–70),0,0,2024-07-05,2025-02-12,14.33
TATASTEEL,2025-12-17,170.09,171.3,169.66,170.34,11624504,169.05315513247064,170.23507713459037,162.59332100557512,54.37970669837496,-1.0138283581442806,-1.8315015974882167,0.8176732393439368,3.072857142857148,173.9915070735417,161.28849292645833,0.0757755556375767,174.36,160.06,0.5448380671001513,,,0,0,0,0,0,170.43333333333337,171.2066666666667,169.56666666666672,170.48000000000002,3.072857142857148,179.69857142857146,161.26142857142858,170.55785714285713,167.64,,,,,1,0,0,0.05323557145189668,-0.0009293007246790601,True,True,True,167.21,False,0,0,False,0,0,0,0.0,0,0.12972542777556706,1,Neutral (30–70),0,0,2025-05-21,2024-11-04,15.93
TATAMOTORS,2025-12-17,346.45,350.0,345.4,346.35,7045390,359.61796137817163,420.90342231038346,593.3187921433239,33.804809052333866,-19.383637461815223,-23.986508915253143,4.602871453437917,5.978571428571428,366.75007581384335,340.10492418615667,0.0753907141568969,365.0,341.4,0.7291131385900085,,,0,0,0,0,0,347.25,349.1,344.5,347.7,5.978571428571428,365.63571428571424,329.76428571428573,364.41785714285714,353.4275,,,,,1,0,0,0.0949609886919816,-0.003848817570045301,True,True,False,353.2,True,0,0,False,0,0,0,0.0,0,-0.5595472753862784,0,Neutral (30–70),0,0,2023-12-29,2024-10-31,21.32
TATACONSUM,2025-12-17,1170.0,1187.9,1170.0,1179.8,1502200,1160.007324082508,1153.1470294887683,1110.779718511743,50.84067253803039,0.0270920129653404,-1.2587167093776734,1.285808722343014,20.90714285714288,1195.2898602547627,1131.160139745237,0.0551309682215613,1194.7,1131.9,1.228618484680423,,,1,0,0,0,0,1179.2333333333331,1188.4666666666667,1170.5666666666666,1178.95,20.90714285714288,1241.6714285714286,1116.2285714285715,1116.2285714285715,1163.225,,,,,1,1,0,0.04661210424850832,0.00047824056433519067,True,False,True,1163.3000000000002,False,0,0,False,0,0,0,0.0,0,0.2806512890094979,1,Neutral (30–70),0,0,2025-04-25,2024-10-29,50.4
SUNPHARMA,2025-12-17,1781.0,1797.6,1771.5,1792.9,1910628,1785.320833088979,1746.0893495161145,1701.1664755446693,45.43067226890759,15.327112447219406,21.25704962937946,-5.929937182160053,27.114285714285725,1827.0905138700523,1765.7494861299476,0.0341462618653237,1849.0,1766.1,0.9600640127092804,,,1,0,0,0,0,1787.3333333333333,1803.1666666666663,1777.0666666666666,1784.55,27.114285714285725,1865.892857142857,1703.2071428571428,1750.8214285714284,1796.42,,,,,1,1,0,0.05208371497163284,-0.0018329261494354093,False,False,True,1807.55,True,0,0,False,0,0,0,0.0,0,-0.006951175607189275,0,Neutral (30–70),0,0,2025-11-18,2025-06-11,42.55
SHREECEM,2025-12-17,25990.0,26185.0,25900.0,26045.0,64316,26436.61463722735,27322.363517595928,28529.94686130769,38.20598006644518,-367.9550810430519,-435.9068705720167,67.95178952896475,482.8571428571428,26889.84306567738,25802.65693432262,0.0412653083970114,26975.0,25645.0,1.8260670820432665,,,0,0,0,0,0,26043.33333333333,26186.666666666664,25901.666666666664,26042.5,482.8571428571428,27491.071428571428,24593.92857142857,27058.214285714286,26346.25,,,,,1,0,0,0.03877129547327482,-0.004647560183319718,True,False,False,26310.0,True,0,0,False,0,0,0,0.0,0,-0.0434742689253087,0,Neutral (30–70),0,0,2025-02-04,2025-11-10,53.39
SBIN,2025-12-17,965.55,978.5,964.3,975.85,8013382,963.1843791084206,939.1956253147954,860.1532048427321,51.39664804469274,5.631857723074063,7.540604124313925,-1.9087464012398616,14.767857142857135,988.6195769009576,947.5104230990422,0.042465282601804,999.0,944.45,0.8307556780928866,,,1,0,0,0,0,972.8833333333332,981.4666666666668,967.2666666666668,971.4,14.767857142857135,1015.7035714285714,927.0964285714284,952.475,968.065,,,,,1,1,0,0.04785695516674794,-0.0025819120862596292,True,False,True,971.725,False,0,0,False,0,0,0,0.0,0,0.14308305025184498,1,Neutral (30–70),0,0,2025-05-16,2025-01-24,38.77
INFY,2025-12-17,1587.2,1606.9,1586.0,1602.0,4817628,1577.4265203504265,1545.3136085915355,1569.476609270277,62.29281767955796,22.131473182995933,22.812970391522168,-0.6814972085262347,24.83571428571432,1630.326655967534,1525.123344032466,0.066680385957672,1631.8,1525.9,0.6216896550660631,,,0,0,0,0,0,1598.3,1610.6,1589.6999999999998,1596.45,24.83571428571432,1670.957142857143,1521.942857142857,1530.614285714286,1577.725,,,,,1,0,0,0.06852040858617968,-9.55760734396946e-05,True,True,True,1578.85,False,0,0,False,0,0,0,0.0,0,-0.1937594363361852,0,Neutral (30–70),0,0,2024-07-12,2025-03-17,18.18
SBILIFE,2025-12-17,2039.4,2048.7,1995.5,2010.2,896027,2005.5716335968573,1960.5038859816093,1814.1853701946256,51.41158989598812,17.645835117207298,19.83792430915399,-2.1920891919466925,36.57142857142852,2053.328127023434,1966.951872976566,0.042970267765861,2086.6,1951.2,1.0861091971100911,,,1,0,0,0,0,2018.1333333333328,2040.7666666666664,1987.5666666666664,2022.1,36.57142857142852,2131.8142857142857,1912.3857142857144,1950.9142857142856,2010.14,,,,,1,1,0,0.04003406921760076,-0.0034117949013582295,False,False,True,2018.9,True,0,0,False,0,0,0,0.0,0,0.4032809773123909,1,Neutral (30–70),0,0,2025-04-29,2024-12-05,46.23
POWERGRID,2025-12-17,260.35,262.75,259.3,261.1,10944698,267.5690884555852,274.1899766043576,286.3319330220004,19.56521739130441,-4.240704446627319,-3.833777017939427,-0.4069274286878923,3.8392857142857184,279.4450500784318,258.00494992156825,0.0797845386802997,279.05,259.3,0.9490827220086276,,,0,0,0,0,0,261.05,262.8,259.35,261.025,3.8392857142857184,272.54285714285714,249.5071428571428,272.54285714285714,268.725,,,,,1,0,0,0.04757972320982118,-0.0030127304602854043,False,False,False,269.175,True,0,0,False,0,0,0,0.0,0,-0.20686512758201692,0,Oversold (≤30),0,0,2023-12-29,2025-01-24,27.75
ONGC,2025-12-17,231.75,233.42,228.61,232.91,5848233,240.41499176708413,243.21923952983224,245.31434672907105,25.583443416996857,-3.5299218020518595,-2.6025328267419923,-0.9273889753098672,3.778571428571425,250.62972903862857,232.11527096137144,0.076704919065996,251.1,228.61,0.75767077574189,,,0,0,0,0,0,231.64666666666665,234.68333333333328,229.8733333333333,231.015,3.778571428571425,242.35071428571428,219.6792857142857,242.35071428571428,241.3725,,,,,1,0,0,0.04769766641793134,0.0014595972202050456,False,True,False,239.85500000000002,True,0,0,False,0,0,0,0.0,0,-0.08321196614839599,0,Oversold (≤30),0,0,2025-11-12,2025-12-03,22.15
NTPC,2025-12-17,320.0,322.4,319.55,321.25,5043027,324.31803459610813,328.5967456556839,337.3165615371989,36.56387665198242,-2.369397525982663,-2.581626303014793,0.2122287770321298,4.189285714285701,329.27426722275266,318.72573277724734,0.0325572050787201,330.0,315.55,0.7136230123015114,,,0,0,0,0,0,321.06666666666666,322.5833333333333,319.7333333333333,320.975,4.189285714285701,333.54285714285714,308.4071428571429,331.0107142857143,324.0,,,,,1,0,0,0.03358509087816208,-0.0028360067744972843,True,True,False,322.775,True,0,0,False,0,0,0,0.0,0,-0.09659730033745784,0,Neutral (30–70),0,0,2024-01-09,2024-12-23,20.87
NIFTY,2025-12-17,25902.4,25929.15,25770.35,25818.55,0,25942.934186477047,25765.13162482116,24990.14747183864,35.572030818432935,23.15121518401793,63.71447187782271,-40.56325669380478,190.17500000000032,26307.67986018808,25727.54013981192,0.0222979635860541,26325.8,25693.25,,,,0,0,0,0,0,25839.35,25908.35000000001,25749.550000000003,25849.75,190.17500000000032,26420.275,25279.225,25641.85357142857,26017.61,,,,,1,0,0,0.02676242670546528,-0.00021165266314539417,True,False,True,26009.525,True,0,0,False,0,0,0,0.0,0,0.05172779006627626,1,Neutral (30–70),0,0,2025-05-07,2025-01-27,0.0
NESTLEIND,2025-12-17,1237.0,1241.4,1224.3,1234.6,526222,1242.7577384241474,1240.5385843216293,1205.7001978669482,35.82887700534755,-7.03931957560485,-5.768208705393302,-1.2711108702115477,18.507142857142885,1292.6450216280132,1203.274978371987,0.0716129068688309,1288.9,1205.0,0.5977764712771724,,,0,0,0,0,0,1233.4333333333332,1242.5666666666664,1225.4666666666662,1232.85,18.507142857142885,1288.3714285714286,1177.3285714285712,1231.9285714285716,1247.96,,,,,1,0,0,0.02559203778691832,0.0024644204418971657,True,True,True,1246.95,True,0,0,False,0,0,0,0.0,0,0.11025179856115108,1,Neutral (30–70),0,0,2025-09-12,2025-08-07,17.48
MARUTI,2025-12-17,16389.0,16490.0,16357.0,16398.0,257406,16160.47135221445,15898.826728241213,14271.50132444375,63.35671883432272,127.0598300239344,93.93059524454112,33.1292347793933,228.28571428571428,16526.892516489108,15717.20748351089,0.0502222132407614,16536.0,15618.0,0.810940319145149,,,0,0,0,0,0,16415.0,16473.0,16340.0,16423.5,228.28571428571428,17108.35714285714,15738.642857142857,15790.07142857143,16122.05,,,,,1,1,0,0.04541788378052536,-0.0018423010696315793,True,False,True,16077.0,False,0,0,False,0,0,0,0.0,0,0.46838118093737124,1,Neutral (30–70),0,0,2025-05-02,2025-04-08,38.19
M&M,2025-12-17,3647.9,3647.9,3594.0,3612.8,1209367,3659.253858016335,3619.878369939329,3316.9955728550267,42.89276807980053,-5.11930876660881,8.7629550970923,-13.88226386370111,64.56428571428572,3768.2696169173832,3589.900383082617,0.0484819551151349,3795.0,3577.9,0.5802045259970529,,,0,0,0,0,0,3618.2333333333336,3642.466666666667,3588.566666666667,3620.95,64.56428571428572,3814.642857142857,3427.2571428571428,3584.942857142857,3679.085,,,,,1,0,0,0.05858870686395413,-0.0020309327732941198,True,True,True,3686.45,True,0,0,False,0,0,0,0.0,0,0.1777861089830317,1,Neutral (30–70),0,0,2025-04-23,2025-04-15,16.96
LT,2025-12-17,4079.0,4079.0,4040.0,4062.4,1087334,4025.298008196596,3945.782879553949,3716.639585640394,47.211566833874286,28.710503936126315,30.03270936344389,-1.3222054273175772,59.35714285714285,4105.970359140916,3962.099640859083,0.035664221624709,4140.0,3949.1,0.7529555506974334,,,1,0,0,0,0,4060.466666666666,4080.933333333333,4041.933333333333,4059.5,59.35714285714285,4237.571428571428,3881.428571428572,3932.9357142857134,4034.035,,,,,1,1,0,0.04960003783393086,-0.0007052126902489699,True,True,True,4044.55,False,0,0,False,0,0,0,0.0,0,0.05246249902847233,1,Neutral (30–70),0,0,2025-06-06,2025-01-28,36.49
KOTAKBANK,2025-12-17,2188.0,2193.2,2163.5,2173.2,1612144,2144.40145402871,2120.587261824216,2057.683194324999,68.02059496567503,18.09589635774637,12.887326288464008,5.208570069282361,33.81428571428575,2202.9249877321145,2066.175012267886,0.0640650139206055,2205.0,2066.7,0.4610704736894345,,,0,0,0,0,0,2176.633333333333,2189.7666666666664,2160.0666666666666,2178.35,33.81428571428575,2279.792857142857,2076.907142857143,2113.678571428571,2134.55,,,,,1,1,0,0.05049438187185138,-0.0009296449182980802,True,True,True,2135.85,False,0,0,False,0,0,0,0.0,0,0.22869904449595735,1,Neutral (30–70),0,0,2025-01-21,2024-11-13,27.96
RELIANCE,2025-12-17,1550.0,1550.0,1539.3,1544.4,7116649,1538.3322069854785,1503.3409424694964,1427.521411538582,40.5378486055777,13.039279757333816,16.96403442066695,-3.924754663333136,20.22857142857145,1571.167884455625,1524.1521155443752,0.0303786160469675,1581.3,1517.6,0.6851254324899124,,,0,0,0,0,0,1544.5666666666668,1549.8333333333337,1539.1333333333337,1544.65,20.22857142857145,1605.3357142857144,1483.9642857142858,1509.4714285714288,1547.66,,,,,1,1,0,0.0460107303278698,-0.0013645691475050491,True,True,True,1549.4499999999998,True,0,0,False,0,0,0,0.0,0,0.22289967535038402,1,Neutral (30–70),0,0,2025-05-16,2024-10-22,34.51
WIPRO,2025-12-17,259.0,262.13,258.31,261.14,4923276,255.12632515672152,250.6522329602161,254.692556576603,73.3091787439614,4.193698598796061,3.740254353313978,0.4534442454820824,3.6285714285714255,266.1711680937007,242.19283190629923,0.0943353037878429,263.07,243.61,0.6254446658468122,,,0,0,0,0,0,260.5266666666667,262.7433333333334,258.9233333333334,260.22,3.6285714285714255,271.1057142857143,249.33428571428576,249.33428571428576,254.182,,,,,1,0,0,0.05992761390499988,0.002650037673992605,True,True,True,253.34,False,0,0,False,0,0,0,0.0,0,-0.15516014234875453,0,Overbought (≥70),0,0,2024-06-10,2025-04-11,18.29
